Workbook
Name FID_1: [1]AGR_Fuels!$A$2

Sheet EB2
X1: Default Units | Y1: Currency | Z1: Activity | AA1: Emissions
D2: COA | E2: GAS | F2: OIL | G2: DSL | H2: KER | I2: LPG | J2: GSL | K2: NAP | L2: HFO | M2: OPP | N2: NUC | O2: BIO | P2: HYD | Q2: WIN | R2: SOL | S2: SLU | T2: HET | U2: ELC | V2: TOT | Y2: M€2005 | Z2: PJ | AA2: kt
C3: REG2 | D3: Solid Fuels | E3: Natural Gas | F3: Crude oil | G3: Diesel oil | H3: Kerosenes | I3: LPG | J3: Motor spirit | K3: Naphtha | L3: Heavy Fuel Oil | M3: Other Petroleum Products | N3: Nuclear Energy | O3: Biomass | P3: Hydro power | Q3: Wind energy | R3: Solar energy | S3: Industrial Wastes | T3: Derived Heat | U3: Electricity | V3: Total
C4: FINAL
B5: RSD | C5: Residential | D5: ='[2]EB2'!D16 -> 124.79425 | E5: ='[2]EB2'!E16 -> 3095.8758 | F5: ='[2]EB2'!F16 -> 0 | G5: ='[2]EB2'!G16 -> 862.053 | H5: ='[2]EB2'!H16 -> 72.9495 | I5: ='[2]EB2'!I16 -> 190.176 | J5: ='[2]EB2'!J16 -> 3.168 | K5: ='[2]EB2'!K16 -> 0 | ... U5: ='[2]EB2'!U16 -> 1435.871 | V5: =SUM(D5:U5) -> 6582.4118
B6: COM | C6: Commercial | D6: ='[2]EB2'!D17 -> 19.92375 | E6: ='[2]EB2'!E17 -> 1051.038 | F6: ='[2]EB2'!F17 -> 0 | G6: ='[2]EB2'!G17 -> 368.844 | H6: ='[2]EB2'!H17 -> 1.677 | I6: ='[2]EB2'!I17 -> 31.602 | J6: ='[2]EB2'!J17 -> 5.72 | K6: ='[2]EB2'!K17 -> 0 | ... U6: ='[2]EB2'!U17 -> 1263.6955 | V6: =SUM(D6:U6) -> 2910.4938
B7: IND | C7: Industry | D7: ='[2]EB2'!D18 -> 663.9451 | E7: ='[2]EB2'!E18 -> 2662.2966 | F7: ='[2]EB2'!F18 -> 0 | G7: ='[2]EB2'!G18 -> 298.68 | H7: ='[2]EB2'!H18 -> 36.3565 | I7: ='[2]EB2'!I18 -> 142.9715 | J7: ='[2]EB2'!J18 -> 7.766 | K7: ='[2]EB2'!K18 -> 44.066 | ... U7: ='[2]EB2'!U18 -> 2044.222 | V7: =SUM(D7:U7) -> 6933.7324
B8: AGR | C8: Agriculture | D8: ='[2]EB2'!D19 -> 15.435 | E8: ='[2]EB2'!E19 -> 120.7236 | F8: ='[2]EB2'!F19 -> 0 | G8: ='[2]EB2'!G19 -> 366.588 | H8: ='[2]EB2'!H19 -> 0.473 | I8: ='[2]EB2'!I19 -> 16.169 | J8: ='[2]EB2'!J19 -> 1.716 | K8: ='[2]EB2'!K19 -> 0 | ... U8: ='[2]EB2'!U19 -> 9.693 | V8: =SUM(D8:U8) -> 568.0966
B9: TRA | C9: Transport | D9: ='[2]EB2'!D20 -> 0.1946 | E9: ='[2]EB2'!E20 -> 12.7494 | F9: ='[2]EB2'!F20 -> 0 | G9: ='[2]EB2'!G20 -> 3856.2855 | H9: ='[2]EB2'!H20 -> 1047.652 | I9: ='[2]EB2'!I20 -> 94.231 | J9: ='[2]EB2'!J20 -> 2394.216 | K9: ='[2]EB2'!K20 -> 0 | ... U9: ='[2]EB2'!U20 -> 132.986 | V9: =SUM(D9:U9) -> 7611.8045
B10: OTH | C10: Other | D10: ='[2]EB2'!D21 -> 416.23085 | E10: ='[2]EB2'!E21 -> 0 | F10: ='[2]EB2'!F21 -> 0 | G10: ='[2]EB2'!G21 -> 0 | H10: ='[2]EB2'!H21 -> 0 | I10: ='[2]EB2'!I21 -> 0 | J10: ='[2]EB2'!J21 -> 0 | K10: ='[2]EB2'!K21 -> 0 | ... U10: ='[2]EB2'!U21 -> 325 | V10: =SUM(D10:U10) -> 1054.7498
B11: NEN | C11: Non Energy | D11: ='[2]EB2'!D22 -> 36 | E11: ='[2]EB2'!E22 -> 380.2938 | F11: ='[2]EB2'!F22 -> 0 | G11: ='[2]EB2'!G22 -> 76.465 | H11: ='[2]EB2'!H22 -> 4.7945 | I11: ='[2]EB2'!I22 -> 199.8735 | J11: ='[2]EB2'!J22 -> 3.146 | K11: ='[2]EB2'!K22 -> 899.206 | ... U11: ='[2]EB2'!U22 -> 0 | V11: =SUM(D11:U11) -> 2452.5478
B12: BNK | C12: Bunkers | D12: ='[2]EB2'!D23 -> 234 | E12: ='[2]EB2'!E23 -> 0 | F12: ='[2]EB2'!F23 -> 0 | G12: ='[2]EB2'!G23 -> 146.906 | H12: ='[2]EB2'!H23 -> 0 | I12: ='[2]EB2'!I23 -> 0 | J12: ='[2]EB2'!J23 -> 0 | K12: ='[2]EB2'!K23 -> 0 | ... U12: ='[2]EB2'!U23 -> 0 | V12: =SUM(D12:U12) -> 1289.546
B13: TFC | C13: Total Final Consumption | D13: =SUM(D5:D12) -> 1510.5235 | E13: =SUM(E5:E12) -> 7322.9772 | F13: =SUM(F5:F12) -> 0 | G13: =SUM(G5:G12) -> 5975.8215 | H13: =SUM(H5:H12) -> 1163.9025 | I13: =SUM(I5:I12) -> 675.023 | J13: =SUM(J5:J12) -> 2415.732 | K13: =SUM(K5:K12) -> 943.272 | ... V13: =SUM(V5:V12) -> 29403.383
C16: Data used in the template to buld the model
B19: Sector | C19: Break-out by end-use | D19: Solid Fuels | E19: Natural Gas | F19: Crude oil | G19: Diesel oil | H19: Kerosenes | I19: LPG | J19: Motor spirit | K19: Naphtha | L19: Heavy Fuel Oil | M19: Other Petroleum Products | N19: Nuclear Energy | O19: Biomass | P19: Hydro power | Q19: Wind energy | R19: Solar energy | S19: Industrial Wastes | T19: Derived Heat | U19: Electricity | V19: Total
B20: AGR | C20: OT | X20: Demand
B21: RSD | C21: SH | E21: 0.8 | G21: 0.8 | H21: 0.8 | I21: 0.8 | J21: 0.8 | L21: 0.8 | M21: 0.8 | O21: 0.8 | R21: 1 | U21: 0.05 | X21: Space Heating
B22: RSD | C22: AP | U22: 0.9 | X22: Appliancens
B23: RSD | C23: OT | D23: =1-D21-D22 -> 1 | E23: =1-E21-E22 -> 0.2 | G23: =1-G21-G22 -> 0.2 | H23: =1-H21-H22 -> 0.2 | I23: =1-I21-I22 -> 0.2 | J23: =1-J21-J22 -> 0.2 | L23: =1-L21-L22 -> 0.2 | M23: =1-M21-M22 -> 0.2 | O23: =1-O21-O22 -> 0.2 | R23: 0 | U23: =1-U21-U22 -> 0.05 | X23: Other
B24: COM | C24: SH | E24: 0.9 | G24: 0.9 | H24: 0.9 | I24: 0.9 | J24: 0.9 | L24: 0.9 | M24: 0.9 | O24: 0.9 | R24: 1 | U24: 0.01 | X24: Space Heating
B25: COM | C25: AP | U25: 0.9 | X25: Appliancens
B26: COM | C26: OT | D26: =1-D24-D25 -> 1 | E26: =1-E24-E25 -> 0.1 | G26: =1-G24-G25 -> 0.1 | H26: =1-H24-H25 -> 0.1 | I26: =1-I24-I25 -> 0.1 | J26: =1-J24-J25 -> 0.1 | L26: =1-L24-L25 -> 0.1 | M26: =1-M24-M25 -> 0.1 | O26: =1-O24-O25 -> 0.1 | R26: =1-R24-R25 -> 0 | U26: =1-U24-U25 -> 0.09 | X26: Other
C29: CO2 | D29: Nox | E29: VOC
B30: Emission by sector | C30: Carbon dioxide | D30: NOX | E30: VOC
B31: AGR | C31: 1
B32: RSD | C32: 1
B33: COM | C33: 1

Sheet RES_RCA
B3: Reference Energy System (from VEDA-FE Go-To RES feature)
E5: Demand Sectors: Agriculture, Commercial and Residential

Sheet Sector_Fuels_AGR
B1: Sector Name | C1: Commodity | D1: Description | E1: Deafult unit | F1: Currency | G1: Existing
B2: ='EB2'!B8 -> AGR | C2: ='EB2'!C8 -> Agriculture | D2: Sector Fuel | E2: ='EB2'!Z2 -> PJ | F2: ='EB2'!Y2 -> M€2005 | G2: E | J2: ~FI_Comm
J3: Csets | K3: Region | L3: CommName | M3: CommDesc | N3: Unit | O3: LimType | P3: CTSLvl | Q3: PeakTS | R3: Ctype
J4: *Commodity Set Membership | K4: Region Name | L4: Commodity Name | M4: Commodity Description | N4: Unit | O4: Sense of the Balance EQN. | P4: Timeslice Level | Q4: Peak Monitoring | R4: Electricity Indicator
J5: NRG | L5: =$B$2&'EB2'!$D$2 -> AGRCOA | M5: =$C$2&" "&'EB2'!$D$3 -> Agriculture Solid Fuels | N5: =$E$2 -> PJ
L6: =$B$2&'EB2'!$E$2 -> AGRGAS | M6: =$C$2&" "&'EB2'!$E$3 -> Agriculture Natural Gas | N6: =$E$2 -> PJ
L7: =$B$2&'EB2'!$F$2 -> AGROIL | M7: =$C$2&" "&RIGHT('EB2'!$F$3,3) -> Agriculture oil | N7: =$E$2 -> PJ
L8: =$B$2&'EB2'!$O$2 -> AGRBIO | M8: =$C$2&" "&'EB2'!$O$3 -> Agriculture Biomass | N8: =$E$2 -> PJ
L9: =$B$2&'EB2'!$U$2 -> AGRELC | M9: =$C$2&" "&'EB2'!$U$3 -> Agriculture Electricity | N9: =$E$2 -> PJ | P9: DAYNITE | R9: ELC
D12: ~FI_T | J12: ~FI_Process
B13: TechName | C13: Comm-IN | D13: Comm-OUT | E13: Share-I~UP | F13: STOCK | G13: EFF | H13: LIFE | J13: Sets | K13: Region | L13: TechName | M13: TechDesc | N13: Tact | O13: Tcap | P13: Tslvl | Q13: PrimaryCG | R13: Vintage
B14: *Technology Name | C14: Input Commodity | D14: Output Commodity | E14: Input Share | F14: Existing Installed Capacity | G14: Efficiency | H14: Lifetime | J14: *Process Set Membership | K14: Region Name | L14: Technology Name | M14: Technology Description | N14: Activity Unit | O14: Capacity Unit | P14: TimeSlice level of Process Activity | Q14: Primary Commodity Group | R14: Vintage Tracking
B15: *Units | F15: =E2&"a" -> PJa | H15: Years | J15: *
B16: =L16 -> FTE-AGRCOA | C16: =RIGHT(D16,3) -> COA | D16: =L5 -> AGRCOA | G16: 1 | H16: 30 | J16: PRE | L16: ="FT"&$G$2&"-"&L5 -> FTE-AGRCOA | M16: =$D$2&" Technology"&" "&$G$1&" "&M5 -> Sector Fuel Technology Existing Agriculture Solid Fuels | N16: =$E$2 -> PJ | O16: =$E$2&"a" -> PJa
B17: =L17 -> FTE-AGRGAS | C17: =RIGHT(D17,3) -> GAS | D17: =L6 -> AGRGAS | G17: 1 | H17: 30 | L17: ="FT"&$G$2&"-"&L6 -> FTE-AGRGAS | M17: =$D$2&" Technology"&" "&$G$1&" "&M6 -> Sector Fuel Technology Existing Agriculture Natural Gas | N17: =$E$2 -> PJ | O17: =$E$2&"a" -> PJa
B18: =L18 -> FTE-AGROIL | C18: ='EB2'!$G$2 -> DSL | D18: =L7 -> AGROIL | G18: 1 | H18: 30 | L18: ="FT"&$G$2&"-"&L7 -> FTE-AGROIL | M18: =$D$2&" Technology"&" "&$G$1&" "&M7 -> Sector Fuel Technology Existing Agriculture oil | N18: =$E$2 -> PJ | O18: =$E$2&"a" -> PJa
C19: ='EB2'!$H$2 -> KER | L19: ="FT"&$G$2&"-"&L8 -> FTE-AGRBIO | M19: =$D$2&" Technology"&" "&$G$1&" "&M8 -> Sector Fuel Technology Existing Agriculture Biomass | N19: =$E$2 -> PJ | O19: =$E$2&"a" -> PJa
C20: ='EB2'!$I$2 -> LPG | L20: ="FT"&$G$2&"-"&L9 -> FTE-AGRELC | M20: =$D$2&" Technology"&" "&$G$1&" "&M9 -> Sector Fuel Technology Existing Agriculture Electricity | N20: =$E$2 -> PJ | O20: =$E$2&"a" -> PJa | P20: DAYNITE
C21: ='EB2'!$J$2 -> GSL
C22: ='EB2'!$L$2 -> HFO
C23: ='EB2'!$M$2 -> OPP
B24: =L19 -> FTE-AGRBIO | C24: =RIGHT(D24,3) -> BIO | D24: =L8 -> AGRBIO | G24: 1 | H24: 30
B25: =L20 -> FTE-AGRELC | C25: =RIGHT(D25,3) -> ELC | D25: =L9 -> AGRELC | G25: 1 | H25: 30
C40: User inputs
C41: Linked to the Energy Balance

Sheet DemTechs_AGR
B1: Sector Name | C1: Description | D1: Type | E1: Activity Unit | F1: Capacity unit | H1: Currency Unit | J1: Existing
B2: ='EB2'!B8 -> AGR | C2: ='EB2'!C8 -> Agriculture | D2: ="Demand Technologies" -> Demand Technologies | E2: ='EB2'!Z2 -> PJ | F2: Pja | H2: ='EB2'!Y2 -> M€2005 | J2: E | L2: ~FI_Comm
L3: Csets | M3: Region | N3: CommName | O3: CommDesc | P3: Unit | Q3: LimType | R3: CTSLvl | S3: PeakTS | T3: Ctype
L4: *Commodity Set Membership | M4: Region Name | N4: Commodity Name | O4: Commodity Description | P4: Unit | Q4: Sense of the Balance EQN. | R4: Timeslice Level | S4: Peak Monitoring | T4: Electricity Indicator
L5: DEM | N5: =LEFT($L$5,1)&LEFT($B$2,1)&'EB2'!$C$20 -> DAOT | O5: =LEFT($D$2,6)&" "&$C$2&" Sector - "&'EB2'!$X$20 -> Demand Agriculture Sector - Demand | P5: =$E$2 -> PJ
L6: ENV | N6: =$B$2&'EB2'!$C$29 -> AGRCO2 | O6: =$C$2&" "&'EB2'!$C$30 -> Agriculture Carbon dioxide | P6: ='EB2'!$AA$2 -> kt
G7: Relaxation factor
D8: ~FI_T | G8: 0.2 | L8: ~FI_Process
B9: TechName | C9: Comm-IN | D9: Comm-OUT | E9: STOCK | F9: Share-I~UP | G9: Share-I~2050~UP | H9: EFF | I9: AFA | J9: LIFE | L9: Sets | M9: Region | N9: TechName | O9: TechDesc | P9: Tact | Q9: Tcap | R9: Tslvl | S9: PrimaryCG | T9: Vintage
B10: *Technology Name | C10: Input Commodity | D10: Output Commodity | E10: Existing Installed Capacity | F10: Input Share | G10: Input Share | H10: Efficiency | I10: Utilisation Factor | J10: Remaining Lifetime | L10: *Process Set Membership | M10: Region Name | N10: Technology Name | O10: Technology Description | P10: Activity Unit | Q10: Capacity Unit | R10: TimeSlice level of Process Activity | S10: Primary Commodity Group | T10: Vintage Tracking
B11: *Units | E11: GW | J11: Years | L11: *
B12: =N12 -> AOTETOT | C12: =Sector_Fuels_AGR!L5 -> AGRCOA | D12: =$N$5 -> DAOT | F12: ='EB2'!$D$6/('EB2'!$D$6+'EB2'!$E$6+SUM('EB2'!$G$6:$J$6,'EB2'!$L$6:$M$6)+'EB2'!$O$6+'EB2'!$U$6) -> 0.0071795687 | G12: =IF(F12=0,20%,F12*(1+$G$8)) -> 0.0086154824 | H12: 1 | I12: 1 | J12: 20 | L12: DMD | N12: =LEFT($B$2)&'EB2'!$C$20&$J$2&'EB2'!$V$2 -> AOTETOT | O12: =$D$2&" "&$C$2&" Sector - "&""&$J$1&" "&'EB2'!$X$20&" - "&'EB2'!$V$2 -> Demand Technologies Agriculture Sector - Existing Demand - TOT | P12: =$E$2 -> PJ | Q12: =$E$2&"a" -> PJa
C13: =Sector_Fuels_AGR!L6 -> AGRGAS | F13: ='EB2'!$E$6/('EB2'!$D$6+'EB2'!$E$6+SUM('EB2'!$G$6:$J$6,'EB2'!$L$6:$M$6)+'EB2'!$O$6+'EB2'!$U$6) -> 0.37874394 | G13: =IF(F13=0,20%,F13*(1+$G$8)) -> 0.45449272
C14: =Sector_Fuels_AGR!L7 -> AGROIL | F14: =SUM('EB2'!$G$6:$J$6,'EB2'!$L$6:$M$6)/('EB2'!$D$6+'EB2'!$E$6+SUM('EB2'!$G$6:$J$6,'EB2'!$L$6:$M$6)+'EB2'!$O$6+'EB2'!$U$6) -> 0.15401636 | G14: =IF(F14=0,20%,F14*(1+$G$8)) -> 0.18481964
C15: =Sector_Fuels_AGR!L8 -> AGRBIO | F15: ='EB2'!$O$6/('EB2'!$D$6+'EB2'!$E$6+SUM('EB2'!$G$6:$J$6,'EB2'!$L$6:$M$6)+'EB2'!$O$6+'EB2'!$U$6) -> 0.0046845796 | G15: =IF(F15=0,20%,F15*(1+$G$8)) -> 0.0056214955
C16: =Sector_Fuels_AGR!L9 -> AGRELC | F16: ='EB2'!$U$6/('EB2'!$D$6+'EB2'!$E$6+SUM('EB2'!$G$6:$J$6,'EB2'!$L$6:$M$6)+'EB2'!$O$6+'EB2'!$U$6) -> 0.45537555 | G16: =IF(F16=0,20%,F16*(1+$G$8)) -> 0.54645066
C24: User inputs
C25: Linked to the Energy Balance

Sheet Sector_Fuels_COM
B1: Sector Name | C1: Commodity | D1: Description | E1: Deafult unit | F1: Currency | G1: Existing
B2: ='EB2'!B6 -> COM | C2: ='EB2'!C6 -> Commercial | D2: Sector Fuel | E2: ='EB2'!Z2 -> PJ | F2: ='EB2'!Y2 -> M€2005 | G2: E | J2: ~FI_Comm
J3: Csets | K3: Region | L3: CommName | M3: CommDesc | N3: Unit | O3: LimType | P3: CTSLvl | Q3: PeakTS | R3: Ctype
J4: *Commodity Set Membership | K4: Region Name | L4: Commodity Name | M4: Commodity Description | N4: Unit | O4: Sense of the Balance EQN. | P4: Timeslice Level | Q4: Peak Monitoring | R4: Electricity Indicator
J5: NRG | L5: =$B$2&'EB2'!$D$2 -> COMCOA | M5: =$C$2&" "&'EB2'!$D$3 -> Commercial Solid Fuels | N5: =$E$2 -> PJ
L6: =$B$2&'EB2'!$E$2 -> COMGAS | M6: =$C$2&" "&'EB2'!$E$3 -> Commercial Natural Gas | N6: =$E$2 -> PJ
L7: =$B$2&'EB2'!$F$2 -> COMOIL | M7: =$C$2&" "&RIGHT('EB2'!$F$3,3) -> Commercial oil | N7: =$E$2 -> PJ
L8: =$B$2&'EB2'!$O$2 -> COMBIO | M8: =$C$2&" "&'EB2'!$O$3 -> Commercial Biomass | N8: =$E$2 -> PJ
L9: =$B$2&'EB2'!$R$2 -> COMSOL | M9: =$C$2&" "&'EB2'!$R$3 -> Commercial Solar energy | N9: =$E$2 -> PJ
L10: =$B$2&'EB2'!$U$2 -> COMELC | M10: =$C$2&" "&'EB2'!$U$3 -> Commercial Electricity | N10: =$E$2 -> PJ | P10: DAYNITE | R10: ELC
D12: ~FI_T | J12: ~FI_Process
B13: TechName | C13: Comm-IN | D13: Comm-OUT | E13: Share-I~UP | F13: STOCK | G13: EFF | H13: LIFE | J13: Sets | K13: Region | L13: TechName | M13: TechDesc | N13: Tact | O13: Tcap | P13: Tslvl | Q13: PrimaryCG | R13: Vintage
B14: *Technology Name | C14: Input Commodity | D14: Output Commodity | E14: Input Share | F14: Existing Installed Capacity | G14: Efficiency | H14: Remaining Lifetime | J14: *Process Set Membership | K14: Region Name | L14: Technology Name | M14: Technology Description | N14: Activity Unit | O14: Capacity Unit | P14: TimeSlice level of Process Activity | Q14: Primary Commodity Group | R14: Vintage Tracking
B15: *Units | F15: =E2&"a" -> PJa | H15: Years | J15: *
B16: =L16 -> FTE-COMCOA | C16: =RIGHT(D16,3) -> COA | D16: =L5 -> COMCOA | G16: 1 | H16: 30 | J16: PRE | L16: ="FT"&$G$2&"-"&L5 -> FTE-COMCOA | M16: =$D$2&" Technology"&" "&$G$1&" "&M5 -> Sector Fuel Technology Existing Commercial Solid Fuels | N16: =$E$2 -> PJ | O16: =$E$2&"a" -> PJa
B17: =L17 -> FTE-COMGAS | C17: =RIGHT(D17,3) -> GAS | D17: =L6 -> COMGAS | G17: 1 | H17: 30 | L17: ="FT"&$G$2&"-"&L6 -> FTE-COMGAS | M17: =$D$2&" Technology"&" "&$G$1&" "&M6 -> Sector Fuel Technology Existing Commercial Natural Gas | N17: =$E$2 -> PJ | O17: =$E$2&"a" -> PJa
B18: =L18 -> FTE-COMOIL | C18: ='EB2'!$G$2 -> DSL | D18: =L7 -> COMOIL | E18: ='EB2'!$G$6/SUM('EB2'!$G$6:$J$6,'EB2'!$L$6:$M$6)*1.01 -> 0.8716146 | G18: 1 | H18: 30 | L18: ="FT"&$G$2&"-"&L7 -> FTE-COMOIL | M18: =$D$2&" Technology"&" "&$G$1&" "&M7 -> Sector Fuel Technology Existing Commercial oil | N18: =$E$2 -> PJ | O18: =$E$2&"a" -> PJa
C19: ='EB2'!$H$2 -> KER | E19: ='EB2'!$H$6/SUM('EB2'!$G$6:$J$6,'EB2'!$L$6:$M$6)*1.01 -> 0.0039629157 | L19: ="FT"&$G$2&"-"&L8 -> FTE-COMBIO | M19: =$D$2&" Technology"&" "&$G$1&" "&M8 -> Sector Fuel Technology Existing Commercial Biomass | N19: =$E$2 -> PJ | O19: =$E$2&"a" -> PJa
C20: ='EB2'!$I$2 -> LPG | E20: ='EB2'!$I$6/SUM('EB2'!$G$6:$J$6,'EB2'!$L$6:$M$6)*1.01 -> 0.07467863 | L20: ="FT"&$G$2&"-"&L9 -> FTE-COMSOL | M20: =$D$2&" Technology"&" "&$G$1&" "&M9 -> Sector Fuel Technology Existing Commercial Solar energy | N20: =$E$2 -> PJ | O20: =$E$2&"a" -> PJa
C21: ='EB2'!$J$2 -> GSL | E21: ='EB2'!$J$6/SUM('EB2'!$G$6:$J$6,'EB2'!$L$6:$M$6)*1.01 -> 0.013516922 | L21: ="FT"&$G$2&"-"&L10 -> FTE-COMELC | M21: =$D$2&" Technology"&" "&$G$1&" "&M10 -> Sector Fuel Technology Existing Commercial Electricity | N21: =$E$2 -> PJ | O21: =$E$2&"a" -> PJa | P21: DAYNITE
C22: ='EB2'!$L$2 -> HFO | E22: ='EB2'!$L$6/SUM('EB2'!$G$6:$J$6,'EB2'!$L$6:$M$6)*1.01 -> 0.045655058
C23: ='EB2'!$M$2 -> OPP | E23: ='EB2'!$M$6/SUM('EB2'!$G$6:$J$6,'EB2'!$L$6:$M$6)*1.01 -> 0.00057186977
B24: =L19 -> FTE-COMBIO | C24: =RIGHT(D24,3) -> BIO | D24: =L8 -> COMBIO | G24: 1 | H24: 30
B25: =L20 -> FTE-COMSOL | C25: =RIGHT(D25,3) -> SOL | D25: =L9 -> COMSOL | G25: 1 | H25: 30
B26: =L21 -> FTE-COMELC | C26: =RIGHT(D26,3) -> ELC | D26: =L10 -> COMELC | G26: 1 | H26: 30
C41: User inputs
C42: Linked to the Energy Balance

Sheet DemTechs_COM
B1: Sector Name | C1: Description | D1: Type | E1: Activity Unit | F1: Capacity unit | G1: Currency Unit | I1: Existing
B2: ='EB2'!B6 -> COM | C2: ='EB2'!C6 -> Commercial | D2: ="Demand Technologies" -> Demand Technologies | E2: ='EB2'!Z2 -> PJ | F2: GW | G2: ='EB2'!Y2 -> M€2005 | I2: E | M2: ~FI_Comm
M3: Csets | N3: Region | O3: CommName | P3: CommDesc | Q3: Unit | R3: LimType | S3: CTSLvl | T3: PeakTS | U3: Ctype
M4: *Commodity Set Membership | N4: Region Name | O4: Commodity Name | P4: Commodity Description | Q4: Unit | R4: Sense of the Balance EQN. | S4: Timeslice Level | T4: Peak Monitoring | U4: Electricity Indicator
M5: DEM | O5: =LEFT($M$5,1)&LEFT($B$2,1)&'EB2'!$C$24 -> DCSH | P5: =LEFT($D$2,6)&" "&$C$2&" Sector - "&'EB2'!$X$24 -> Demand Commercial Sector - Space Heating | Q5: =$E$2 -> PJ
O6: =LEFT($M$5,1)&LEFT($B$2,1)&'EB2'!$C$25 -> DCAP | P6: =LEFT($D$2,6)&" "&$C$2&" Sector - "&'EB2'!$X$25 -> Demand Commercial Sector - Appliancens | Q6: =$E$2 -> PJ
O7: =LEFT($M$5,1)&LEFT($B$2,1)&'EB2'!$C$26 -> DCOT | P7: =LEFT($D$2,6)&" "&$C$2&" Sector - "&'EB2'!$X$26 -> Demand Commercial Sector - Other | Q7: =$E$2 -> PJ
M8: ENV | O8: =$B$2&'EB2'!$C$29 -> COMCO2 | P8: =$C$2&" "&'EB2'!$C$30 -> Commercial Carbon dioxide | Q8: ='EB2'!$AA$2 -> kt
D10: ~FI_T | M10: ~FI_Process
B11: TechName | C11: Comm-IN | D11: Comm-OUT | E11: STOCK | F11: EFF | G11: AFA | H11: CAP2ACT | I11: LIFE | K11: Demand | M11: Sets | N11: Region | O11: TechName | P11: TechDesc | Q11: Tact | R11: Tcap | S11: Tslvl | T11: PrimaryCG | U11: Vintage
B12: *Technology Name | C12: Input Commodity | D12: Output Commodity | E12: Existing Installed Capacity | F12: Efficiency | G12: Utilisation Factor | H12: Capacity to Activity Factor | I12: Lifetime | K12: Production | M12: *Process Set Membership | N12: Region Name | O12: Technology Name | P12: Technology Description | Q12: Activity Unit | R12: Capacity Unit | S12: TimeSlice level of Process Activity | T12: Primary Commodity Group | U12: Vintage Tracking
B13: *Units | E13: GW | H13: =$F$2&"/"&$E$2 -> GW/PJ | I13: Years | M13: *
B14: =O14 -> CSHECOA | C14: =$B$2&RIGHT(B14,3) -> COMCOA | D14: =$O$5 -> DCSH | E14: ='EB2'!$D$6*'EB2'!$D$24/(G14*H14)*1.01 -> 0 | F14: 0.85 | G14: 0.3 | H14: 31.536 | I14: 15 | K14: =E14*G14*H14 -> 0 | M14: DMD | O14: =LEFT($B$2)&'EB2'!$C$21&$I$2&'EB2'!$D$2 -> CSHECOA | P14: =$D$2&" "&$C$2&" Sector - "&""&$I$1&" "&'EB2'!$X$21&" - "&'EB2'!$D$3 -> Demand Technologies Commercial Sector - Existing Space Heating - Solid Fuels | Q14: =$E$2 -> PJ | R14: =$E$2&"a" -> PJa
B15: =O15 -> CSHEGAS | C15: =$B$2&RIGHT(B15,3) -> COMGAS | D15: =$O$5 -> DCSH | E15: ='EB2'!$E$6*'EB2'!$E$24/(G15*H15)*1.01 -> 100.98443 | F15: 0.9 | G15: 0.3 | H15: 31.536 | I15: 15 | K15: =E15*G15*H15 -> 955.39354 | O15: =LEFT($B$2)&'EB2'!$C$21&$I$2&'EB2'!$E$2 -> CSHEGAS | P15: =$D$2&" "&$C$2&" Sector - "&""&$I$1&" "&'EB2'!$X$21&" - "&'EB2'!$E$3 -> Demand Technologies Commercial Sector - Existing Space Heating - Natural Gas | Q15: =$E$2 -> PJ | R15: =$E$2&"a" -> PJa
B16: =O16 -> CSHEOIL | C16: =$B$2&RIGHT(B16,3) -> COMOIL | D16: =$O$5 -> DCSH | E16: =SUM('EB2'!$G$6:$J$6,'EB2'!$L$6:$M$6)*'EB2'!$G$24/(G16*H16)*1.01 -> 41.065359 | F16: 0.8 | G16: 0.3 | H16: 31.536 | I16: 15 | K16: =E16*G16*H16 -> 388.51115 | O16: =LEFT($B$2)&'EB2'!$C$21&$I$2&'EB2'!$F$2 -> CSHEOIL | P16: =$D$2&" "&$C$2&" Sector - "&""&$I$1&" "&'EB2'!$X$21&" - "&RIGHT('EB2'!$F$3,3) -> Demand Technologies Commercial Sector - Existing Space Heating - oil | Q16: =$E$2 -> PJ | R16: =$E$2&"a" -> PJa
B17: =O17 -> CSHEBIO | C17: =$B$2&RIGHT(B17,3) -> COMBIO | D17: =$O$5 -> DCSH | E17: ='EB2'!$O$6*'EB2'!$O$24/(G17*H17)*1.01 -> 1.2490487 | F17: 0.8 | G17: 0.3 | H17: 31.536 | I17: 15 | K17: =E17*G17*H17 -> 11.817 | O17: =LEFT($B$2)&'EB2'!$C$21&$I$2&'EB2'!$O$2 -> CSHEBIO | P17: =$D$2&" "&$C$2&" Sector - "&""&$I$1&" "&'EB2'!$X$21&" - "&'EB2'!$O$3 -> Demand Technologies Commercial Sector - Existing Space Heating - Biomass | Q17: =$E$2 -> PJ | R17: =$E$2&"a" -> PJa
B18: =O18 -> CSHESOL | C18: =$B$2&RIGHT(B18,3) -> COMSOL | D18: =$O$5 -> DCSH | E18: ='EB2'!$R$6*'EB2'!$R$24/(G18*H18)*1.01 -> 0.80067225 | F18: 0.8 | G18: 0.3 | H18: 31.536 | I18: 15 | K18: =E18*G18*H18 -> 7.575 | O18: =LEFT($B$2)&'EB2'!$C$21&$I$2&'EB2'!$R$2 -> CSHESOL | P18: =$D$2&" "&$C$2&" Sector - "&""&$I$1&" "&'EB2'!$X$21&" - "&'EB2'!$R$3 -> Demand Technologies Commercial Sector - Existing Space Heating - Solar energy | Q18: =$E$2 -> PJ | R18: =$E$2&"a" -> PJa
B19: =O19 -> CSHEELC | C19: =$B$2&RIGHT(B19,3) -> COMELC | D19: =$O$5 -> DCSH | E19: ='EB2'!$U$6*'EB2'!$U$24/(G19*H19)*1.01 -> 1.3490746 | F19: 0.97 | G19: 0.3 | H19: 31.536 | I19: 15 | K19: =E19*G19*H19 -> 12.763325 | O19: =LEFT($B$2)&'EB2'!$C$21&$I$2&'EB2'!$U$2 -> CSHEELC | P19: =$D$2&" "&$C$2&" Sector - "&""&$I$1&" "&'EB2'!$X$21&" - "&'EB2'!$U$3 -> Demand Technologies Commercial Sector - Existing Space Heating - Electricity | Q19: =$E$2 -> PJ | R19: =$E$2&"a" -> PJa
B20: =O20 -> CAPEELC | C20: =$B$2&RIGHT(B20,3) -> COMELC | D20: =$O$6 -> DCAP | E20: ='EB2'!$U$6*'EB2'!$U$25/(G20*H20)*1.01 -> 3828.9974 | F20: 1 | G20: 0.3 | H20: 1 | I20: 5 | K20: =E20*G20*H20 -> 1148.6992 | O20: =LEFT($B$2)&'EB2'!$C$22&$I$2&'EB2'!$U$2 -> CAPEELC | P20: =$D$2&" "&$C$2&" Sector - "&""&$I$1&" "&'EB2'!$X$22&" - "&'EB2'!$U$3 -> Demand Technologies Commercial Sector - Existing Appliancens - Electricity | Q20: =$E$2 -> PJ | R20: =$E$2&"a" -> PJa
B21: =O21 -> COTECOA | C21: =$B$2&RIGHT(B21,3) -> COMCOA | D21: =$O$7 -> DCOT | E21: ='EB2'!$D$6*'EB2'!$D$26/(G21*H21)*1.01 -> 67.076625 | F21: 1 | G21: 0.3 | H21: 1 | I21: 10 | K21: =E21*G21*H21 -> 20.122987 | O21: =LEFT($B$2)&'EB2'!$C$23&$I$2&'EB2'!$D$2 -> COTECOA | P21: =$D$2&" "&$C$2&" Sector - "&""&$I$1&" "&'EB2'!$X$23&" - "&'EB2'!$D$3 -> Demand Technologies Commercial Sector - Existing Other - Solid Fuels | Q21: =$E$2 -> PJ | R21: =$E$2&"a" -> PJa
B22: =O22 -> COTEGAS | C22: =$B$2&RIGHT(B22,3) -> COMGAS | D22: =$O$7 -> DCOT | E22: ='EB2'!$E$6*'EB2'!$E$26/(G22*H22)*1.01 -> 353.84946 | F22: 1 | G22: 0.3 | H22: 1 | I22: 10 | K22: =E22*G22*H22 -> 106.15484 | O22: =LEFT($B$2)&'EB2'!$C$23&$I$2&'EB2'!$E$2 -> COTEGAS | P22: =$D$2&" "&$C$2&" Sector - "&""&$I$1&" "&'EB2'!$X$23&" - "&'EB2'!$E$3 -> Demand Technologies Commercial Sector - Existing Other - Natural Gas | Q22: =$E$2 -> PJ | R22: =$E$2&"a" -> PJa
B23: =O23 -> COTEOIL | C23: =$B$2&RIGHT(B23,3) -> COMOIL | D23: =$O$7 -> DCOT | E23: =SUM('EB2'!$G$6:$J$6,'EB2'!$L$6:$M$6)*'EB2'!$G$26/(G23*H23)*1.01 -> 143.89302 | F23: 1 | G23: 0.3 | H23: 1 | I23: 10 | K23: =E23*G23*H23 -> 43.167905 | O23: =LEFT($B$2)&'EB2'!$C$23&$I$2&'EB2'!$F$2 -> COTEOIL | P23: =$D$2&" "&$C$2&" Sector - "&""&$I$1&" "&'EB2'!$X$23&" - "&RIGHT('EB2'!$F$3,3) -> Demand Technologies Commercial Sector - Existing Other - oil | Q23: =$E$2 -> PJ | R23: =$E$2&"a" -> PJa
B24: =O24 -> COTEBIO | C24: =$B$2&RIGHT(B24,3) -> COMBIO | D24: =$O$7 -> DCOT | E24: ='EB2'!$O$6*'EB2'!$O$26/(G24*H24)*1.01 -> 4.3766667 | F24: 1 | G24: 0.3 | H24: 1 | I24: 10 | K24: =E24*G24*H24 -> 1.313 | O24: =LEFT($B$2)&'EB2'!$C$23&$I$2&'EB2'!$O$2 -> COTEBIO | P24: =$D$2&" "&$C$2&" Sector - "&""&$I$1&" "&'EB2'!$X$23&" - "&'EB2'!$O$3 -> Demand Technologies Commercial Sector - Existing Other - Biomass | Q24: =$E$2 -> PJ | R24: =$E$2&"a" -> PJa
B25: =O25 -> COTEELC | C25: =$B$2&RIGHT(B25,3) -> COMELC | D25: =$O$7 -> DCOT | E25: ='EB2'!$U$6*'EB2'!$U$26/(G25*H25)*1.01 -> 382.89974 | F25: 1 | G25: 0.3 | H25: 1 | I25: 10 | K25: =E25*G25*H25 -> 114.86992 | O25: =LEFT($B$2)&'EB2'!$C$23&$I$2&'EB2'!$U$2 -> COTEELC | P25: =$D$2&" "&$C$2&" Sector - "&""&$I$1&" "&'EB2'!$X$23&" - "&'EB2'!$U$3 -> Demand Technologies Commercial Sector - Existing Other - Electricity | Q25: =$E$2 -> PJ | R25: =$E$2&"a" -> PJa
C37: User inputs
C38: Linked to the Energy Balance

Sheet Sector_Fuels_RSD
B1: Sector Name | C1: Commodity | D1: Description | E1: Deafult unit | F1: Currency | G1: Existing
B2: ='EB2'!B5 -> RSD | C2: ='EB2'!C5 -> Residential | D2: Sector Fuel | E2: ='EB2'!Z2 -> PJ | F2: ='EB2'!Y2 -> M€2005 | G2: E | J2: ~FI_Comm
J3: Csets | K3: Region | L3: CommName | M3: CommDesc | N3: Unit | O3: LimType | P3: CTSLvl | Q3: PeakTS | R3: Ctype
J4: *Commodity Set Membership | K4: Region Name | L4: Commodity Name | M4: Commodity Description | N4: Unit | O4: Sense of the Balance EQN. | P4: Timeslice Level | Q4: Peak Monitoring | R4: Electricity Indicator
J5: NRG | L5: =$B$2&'EB2'!$D$2 -> RSDCOA | M5: =$C$2&" "&'EB2'!$D$3 -> Residential Solid Fuels | N5: =$E$2 -> PJ
L6: =$B$2&'EB2'!$E$2 -> RSDGAS | M6: =$C$2&" "&'EB2'!$E$3 -> Residential Natural Gas | N6: =$E$2 -> PJ
L7: =$B$2&'EB2'!$F$2 -> RSDOIL | M7: =$C$2&" "&RIGHT('EB2'!$F$3,3) -> Residential oil | N7: =$E$2 -> PJ
L8: =$B$2&'EB2'!$O$2 -> RSDBIO | M8: =$C$2&" "&'EB2'!$O$3 -> Residential Biomass | N8: =$E$2 -> PJ
L9: =$B$2&'EB2'!$R$2 -> RSDSOL | M9: =$C$2&" "&'EB2'!$R$3 -> Residential Solar energy | N9: =$E$2 -> PJ
L10: =$B$2&'EB2'!$U$2 -> RSDELC | M10: =$C$2&" "&'EB2'!$U$3 -> Residential Electricity | N10: =$E$2 -> PJ | P10: DAYNITE | R10: ELC
D12: ~FI_T | J12: ~FI_Process
B13: TechName | C13: Comm-IN | D13: Comm-OUT | E13: Share-I~UP | F13: STOCK | G13: EFF | H13: LIFE | J13: Sets | K13: Region | L13: TechName | M13: TechDesc | N13: Tact | O13: Tcap | P13: Tslvl | Q13: PrimaryCG | R13: Vintage
B14: *Technology Name | C14: Input Commodity | D14: Output Commodity | E14: Input Share | F14: Existing Installed Capacity | G14: Efficiency | H14: Lifetime | J14: *Process Set Membership | K14: Region Name | L14: Technology Name | M14: Technology Description | N14: Activity Unit | O14: Capacity Unit | P14: TimeSlice level of Process Activity | Q14: Primary Commodity Group | R14: Vintage Tracking
B15: *Units | F15: =E2&"a" -> PJa | H15: Years | J15: *
B16: =L16 -> FTE-RSDCOA | C16: =RIGHT(D16,3) -> COA | D16: =L5 -> RSDCOA | G16: 1 | H16: 30 | J16: PRE | L16: ="FT"&$G$2&"-"&L5 -> FTE-RSDCOA | M16: =$D$2&" Technology"&" "&$G$1&" "&M5 -> Sector Fuel Technology Existing Residential Solid Fuels | N16: =$E$2 -> PJ | O16: =$E$2&"a" -> PJa
B17: =L17 -> FTE-RSDGAS | C17: =RIGHT(D17,3) -> GAS | D17: =L6 -> RSDGAS | G17: 1 | H17: 30 | L17: ="FT"&$G$2&"-"&L6 -> FTE-RSDGAS | M17: =$D$2&" Technology"&" "&$G$1&" "&M6 -> Sector Fuel Technology Existing Residential Natural Gas | N17: =$E$2 -> PJ | O17: =$E$2&"a" -> PJa
B18: =L18 -> FTE-RSDOIL | C18: ='EB2'!$G$2 -> DSL | D18: =L7 -> RSDOIL | E18: ='EB2'!$G$5/SUM('EB2'!$G$5:$J$5,'EB2'!$L$5:$M$5)*1.01 -> 0.7606484 | G18: 1 | H18: 30 | L18: ="FT"&$G$2&"-"&L7 -> FTE-RSDOIL | M18: =$D$2&" Technology"&" "&$G$1&" "&M7 -> Sector Fuel Technology Existing Residential oil | N18: =$E$2 -> PJ | O18: =$E$2&"a" -> PJa
C19: ='EB2'!$H$2 -> KER | E19: ='EB2'!$H$5/SUM('EB2'!$G$5:$J$5,'EB2'!$L$5:$M$5)*1.01 -> 0.06436834 | L19: ="FT"&$G$2&"-"&L8 -> FTE-RSDBIO | M19: =$D$2&" Technology"&" "&$G$1&" "&M8 -> Sector Fuel Technology Existing Residential Biomass | N19: =$E$2 -> PJ | O19: =$E$2&"a" -> PJa
C20: ='EB2'!$I$2 -> LPG | E20: ='EB2'!$I$5/SUM('EB2'!$G$5:$J$5,'EB2'!$L$5:$M$5)*1.01 -> 0.16780531 | L20: ="FT"&$G$2&"-"&L9 -> FTE-RSDSOL | M20: =$D$2&" Technology"&" "&$G$1&" "&M9 -> Sector Fuel Technology Existing Residential Solar energy | N20: =$E$2 -> PJ | O20: =$E$2&"a" -> PJa
C21: ='EB2'!$J$2 -> GSL | E21: ='EB2'!$J$5/SUM('EB2'!$G$5:$J$5,'EB2'!$L$5:$M$5)*1.01 -> 0.0027953434 | L21: ="FT"&$G$2&"-"&L10 -> FTE-RSDELC | M21: =$D$2&" Technology"&" "&$G$1&" "&M10 -> Sector Fuel Technology Existing Residential Electricity | N21: =$E$2 -> PJ | O21: =$E$2&"a" -> PJa | P21: DAYNITE
C22: ='EB2'!$L$2 -> HFO | E22: ='EB2'!$L$5/SUM('EB2'!$G$5:$J$5,'EB2'!$L$5:$M$5)*1.01 -> 0.013570827
C23: ='EB2'!$M$2 -> OPP | E23: ='EB2'!$M$5/SUM('EB2'!$G$5:$J$5,'EB2'!$L$5:$M$5)*1.01 -> 0.00081177901
B24: =L19 -> FTE-RSDBIO | C24: =RIGHT(D24,3) -> BIO | D24: =L8 -> RSDBIO | G24: 1 | H24: 30
B25: =L20 -> FTE-RSDSOL | C25: =RIGHT(D25,3) -> SOL | D25: =L9 -> RSDSOL | G25: 1 | H25: 30
B26: =L21 -> FTE-RSDELC | C26: =RIGHT(D26,3) -> ELC | D26: =L10 -> RSDELC | G26: 1 | H26: 30
C41: User inputs
C42: Linked to the Energy Balance

Sheet DemTechs_RSD
B1: Sector Name | C1: Description | D1: Type | E1: Activity Unit | F1: Capacity unit | G1: Currency Unit | I1: Existing
B2: ='EB2'!B5 -> RSD | C2: ='EB2'!C5 -> Residential | D2: ="Demand Technologies" -> Demand Technologies | E2: ='EB2'!Z2 -> PJ | F2: GW | G2: ='EB2'!Y2 -> M€2005 | I2: E | M2: ~FI_Comm
M3: Csets | N3: Region | O3: CommName | P3: CommDesc | Q3: Unit | R3: LimType | S3: CTSLvl | T3: PeakTS | U3: Ctype
M4: *Commodity Set Membership | N4: Region Name | O4: Commodity Name | P4: Commodity Description | Q4: Unit | R4: Sense of the Balance EQN. | S4: Timeslice Level | T4: Peak Monitoring | U4: Electricity Indicator
M5: DEM | O5: =LEFT($M$5,1)&LEFT($B$2,1)&'EB2'!$C$21 -> DRSH | P5: =LEFT($D$2,6)&" "&$C$2&" Sector - "&'EB2'!$X$21 -> Demand Residential Sector - Space Heating | Q5: =$E$2 -> PJ
O6: =LEFT($M$5,1)&LEFT($B$2,1)&'EB2'!$C$22 -> DRAP | P6: =LEFT($D$2,6)&" "&$C$2&" Sector - "&'EB2'!$X$22 -> Demand Residential Sector - Appliancens | Q6: =$E$2 -> PJ
O7: =LEFT($M$5,1)&LEFT($B$2,1)&'EB2'!$C$23 -> DROT | P7: =LEFT($D$2,6)&" "&$C$2&" Sector - "&'EB2'!$X$23 -> Demand Residential Sector - Other | Q7: =$E$2 -> PJ
M8: ENV | O8: =$B$2&'EB2'!$C$29 -> RSDCO2 | P8: =$C$2&" "&'EB2'!$C$30 -> Residential Carbon dioxide | Q8: ='EB2'!$AA$2 -> kt
D10: ~FI_T | M10: ~FI_Process
B11: TechName | C11: Comm-IN | D11: Comm-OUT | E11: STOCK | F11: EFF | G11: AFA | H11: CAP2ACT | I11: LIFE | K11: Demand | M11: Sets | N11: Region | O11: TechName | P11: TechDesc | Q11: Tact | R11: Tcap | S11: Tslvl | T11: PrimaryCG | U11: Vintage
B12: *Technology Name | C12: Input Commodity | D12: Output Commodity | E12: Existing Installed Capacity | F12: Efficiency | G12: Utilisation Factor | H12: Capacity to Activity Factor | I12: Lifetime | K12: Production | M12: *Process Set Membership | N12: Region Name | O12: Technology Name | P12: Technology Description | Q12: Activity Unit | R12: Capacity Unit | S12: TimeSlice level of Process Activity | T12: Primary Commodity Group | U12: Vintage Tracking
B13: *Units | E13: GW | H13: =$F$2&"/"&$E$2 -> GW/PJ | I13: Years | M13: *
B14: =O14 -> RSHECOA | C14: =$B$2&RIGHT(B14,3) -> RSDCOA | D14: =$O$5 -> DRSH | E14: ='EB2'!$D$5*'EB2'!$D$21/(G14*H14)*1.01 -> 0 | F14: 0.85 | G14: 0.3 | H14: 31.536 | I14: 15 | K14: =E14*G14*H14 -> 0 | M14: DMD | O14: =LEFT($B$2)&'EB2'!$C$21&$I$2&'EB2'!$D$2 -> RSHECOA | P14: =$D$2&" "&$C$2&" Sector - "&""&$I$1&" "&'EB2'!$X$21&" - "&'EB2'!$D$3 -> Demand Technologies Residential Sector - Existing Space Heating - Solid Fuels | Q14: =$E$2 -> PJ | R14: =$E$2&"a" -> PJa
B15: =O15 -> RSHEGAS | C15: =$B$2&RIGHT(B15,3) -> RSDGAS | D15: =$O$5 -> DRSH | E15: ='EB2'!$E$5*'EB2'!$E$21/(G15*H15)*1.01 -> 264.4034 | F15: 0.9 | G15: 0.3 | H15: 31.536 | I15: 15 | K15: =E15*G15*H15 -> 2501.4676 | O15: =LEFT($B$2)&'EB2'!$C$21&$I$2&'EB2'!$E$2 -> RSHEGAS | P15: =$D$2&" "&$C$2&" Sector - "&""&$I$1&" "&'EB2'!$X$21&" - "&'EB2'!$E$3 -> Demand Technologies Residential Sector - Existing Space Heating - Natural Gas | Q15: =$E$2 -> PJ | R15: =$E$2&"a" -> PJa
B16: =O16 -> RSHEOIL | C16: =$B$2&RIGHT(B16,3) -> RSDOIL | D16: =$O$5 -> DRSH | E16: =SUM('EB2'!$G$5:$J$5,'EB2'!$L$5:$M$5)*'EB2'!$G$21/(G16*H16)*1.01 -> 97.75858 | F16: 0.8 | G16: 0.3 | H16: 31.536 | I16: 15 | K16: =E16*G16*H16 -> 924.87437 | O16: =LEFT($B$2)&'EB2'!$C$21&$I$2&'EB2'!$F$2 -> RSHEOIL | P16: =$D$2&" "&$C$2&" Sector - "&""&$I$1&" "&'EB2'!$X$21&" - "&RIGHT('EB2'!$F$3,3) -> Demand Technologies Residential Sector - Existing Space Heating - oil | Q16: =$E$2 -> PJ | R16: =$E$2&"a" -> PJa
B17: =O17 -> RSHEBIO | C17: =$B$2&RIGHT(B17,3) -> RSDBIO | D17: =$O$5 -> DRSH | E17: ='EB2'!$O$5*'EB2'!$O$21/(G17*H17)*1.01 -> 25.491846 | F17: 0.8 | G17: 0.3 | H17: 31.536 | I17: 15 | K17: =E17*G17*H17 -> 241.17325 | O17: =LEFT($B$2)&'EB2'!$C$21&$I$2&'EB2'!$O$2 -> RSHEBIO | P17: =$D$2&" "&$C$2&" Sector - "&""&$I$1&" "&'EB2'!$X$21&" - "&'EB2'!$O$3 -> Demand Technologies Residential Sector - Existing Space Heating - Biomass | Q17: =$E$2 -> PJ | R17: =$E$2&"a" -> PJa
B18: =O18 -> RSHESOL | C18: =$B$2&RIGHT(B18,3) -> RSDSOL | D18: =$O$5 -> DRSH | E18: ='EB2'!$R$5*'EB2'!$R$21/(G18*H18)*1.01 -> 5.337815 | F18: 0.8 | G18: 0.3 | H18: 31.536 | I18: 15 | K18: =E18*G18*H18 -> 50.5 | O18: =LEFT($B$2)&'EB2'!$C$21&$I$2&'EB2'!$R$2 -> RSHESOL | P18: =$D$2&" "&$C$2&" Sector - "&""&$I$1&" "&'EB2'!$X$21&" - "&'EB2'!$R$3 -> Demand Technologies Residential Sector - Existing Space Heating - Solar energy | Q18: =$E$2 -> PJ | R18: =$E$2&"a" -> PJa
B19: =O19 -> RSHEELC | C19: =$B$2&RIGHT(B19,3) -> RSDELC | D19: =$O$5 -> DRSH | E19: ='EB2'!$U$5*'EB2'!$U$21/(G19*H19)*1.01 -> 7.6644137 | F19: 0.97 | G19: 0.3 | H19: 31.536 | I19: 15 | K19: =E19*G19*H19 -> 72.511486 | O19: =LEFT($B$2)&'EB2'!$C$21&$I$2&'EB2'!$U$2 -> RSHEELC | P19: =$D$2&" "&$C$2&" Sector - "&""&$I$1&" "&'EB2'!$X$21&" - "&'EB2'!$U$3 -> Demand Technologies Residential Sector - Existing Space Heating - Electricity | Q19: =$E$2 -> PJ | R19: =$E$2&"a" -> PJa
B20: =O20 -> RAPEELC | C20: =$B$2&RIGHT(B20,3) -> RSDELC | D20: =$O$6 -> DRAP | E20: ='EB2'!$U$5*'EB2'!$U$22/(G20*H20)*1.01 -> 4350.6891 | F20: 1 | G20: 0.3 | H20: 1 | I20: 5 | K20: =E20*G20*H20 -> 1305.2067 | O20: =LEFT($B$2)&'EB2'!$C$22&$I$2&'EB2'!$U$2 -> RAPEELC | P20: =$D$2&" "&$C$2&" Sector - "&""&$I$1&" "&'EB2'!$X$22&" - "&'EB2'!$U$3 -> Demand Technologies Residential Sector - Existing Appliancens - Electricity | Q20: =$E$2 -> PJ | R20: =$E$2&"a" -> PJa
B21: =O21 -> ROTECOA | C21: =$B$2&RIGHT(B21,3) -> RSDCOA | D21: =$O$7 -> DROT | E21: ='EB2'!$D$5*'EB2'!$D$23/(G21*H21)*1.01 -> 420.14064 | F21: 1 | G21: 0.3 | H21: 1 | I21: 10 | K21: =E21*G21*H21 -> 126.04219 | O21: =LEFT($B$2)&'EB2'!$C$23&$I$2&'EB2'!$D$2 -> ROTECOA | P21: =$D$2&" "&$C$2&" Sector - "&""&$I$1&" "&'EB2'!$X$23&" - "&'EB2'!$D$3 -> Demand Technologies Residential Sector - Existing Other - Solid Fuels | Q21: =$E$2 -> PJ | R21: =$E$2&"a" -> PJa
B22: =O22 -> ROTEGAS | C22: =$B$2&RIGHT(B22,3) -> RSDGAS | D22: =$O$7 -> DROT | E22: ='EB2'!$E$5*'EB2'!$E$23/(G22*H22)*1.01 -> 2084.5564 | F22: 1 | G22: 0.3 | H22: 1 | I22: 10 | K22: =E22*G22*H22 -> 625.36691 | O22: =LEFT($B$2)&'EB2'!$C$23&$I$2&'EB2'!$E$2 -> ROTEGAS | P22: =$D$2&" "&$C$2&" Sector - "&""&$I$1&" "&'EB2'!$X$23&" - "&'EB2'!$E$3 -> Demand Technologies Residential Sector - Existing Other - Natural Gas | Q22: =$E$2 -> PJ | R22: =$E$2&"a" -> PJa
B23: =O23 -> ROTEOIL | C23: =$B$2&RIGHT(B23,3) -> RSDOIL | D23: =$O$7 -> DROT | E23: =SUM('EB2'!$G$5:$J$5,'EB2'!$L$5:$M$5)*'EB2'!$G$23/(G23*H23)*1.01 -> 770.72864 | F23: 1 | G23: 0.3 | H23: 1 | I23: 10 | K23: =E23*G23*H23 -> 231.21859 | O23: =LEFT($B$2)&'EB2'!$C$23&$I$2&'EB2'!$F$2 -> ROTEOIL | P23: =$D$2&" "&$C$2&" Sector - "&""&$I$1&" "&'EB2'!$X$23&" - "&RIGHT('EB2'!$F$3,3) -> Demand Technologies Residential Sector - Existing Other - oil | Q23: =$E$2 -> PJ | R23: =$E$2&"a" -> PJa
B24: =O24 -> ROTEBIO | C24: =$B$2&RIGHT(B24,3) -> RSDBIO | D24: =$O$7 -> DROT | E24: ='EB2'!$O$5*'EB2'!$O$23/(G24*H24)*1.01 -> 200.97771 | F24: 1 | G24: 0.3 | H24: 1 | I24: 10 | K24: =E24*G24*H24 -> 60.293313 | O24: =LEFT($B$2)&'EB2'!$C$23&$I$2&'EB2'!$O$2 -> ROTEBIO | P24: =$D$2&" "&$C$2&" Sector - "&""&$I$1&" "&'EB2'!$X$23&" - "&'EB2'!$O$3 -> Demand Technologies Residential Sector - Existing Other - Biomass | Q24: =$E$2 -> PJ | R24: =$E$2&"a" -> PJa
B25: =O25 -> ROTEELC | C25: =$B$2&RIGHT(B25,3) -> RSDELC | D25: =$O$7 -> DROT | E25: ='EB2'!$U$5*'EB2'!$U$23/(G25*H25)*1.01 -> 241.70495 | F25: 1 | G25: 0.3 | H25: 1 | I25: 10 | K25: =E25*G25*H25 -> 72.511485 | O25: =LEFT($B$2)&'EB2'!$C$23&$I$2&'EB2'!$U$2 -> ROTEELC | P25: =$D$2&" "&$C$2&" Sector - "&""&$I$1&" "&'EB2'!$X$23&" - "&'EB2'!$U$3 -> Demand Technologies Residential Sector - Existing Other - Electricity | Q25: =$E$2 -> PJ | R25: =$E$2&"a" -> PJa
C37: User inputs
C38: Linked to the Energy Balance

Sheet Demands
B1: Sector Name | C1: Commodity | D1: Description | E1: Default Unit
B2: DEM | E2: ='EB2'!Z2 -> PJ
C5: ~FI_T | I5: ~FI_T
B6: Attribute | C6: CommName | D6: *Unit | E6: 2005 | G6: Attribute | H6: CommName | I6: Timeslices | J6: 2005
B7: * | C7: Demand Commodity Name | D7: Demand Unit | E7: Demand Value | G7: * | H7: Demand Commodity Name
B8: *Units | E8: =E2 -> PJ | G8: *Units
B9: Demand | C9: =DemTechs_RSD!$O$5 -> DRSH | D9: PJ | E9: =SUM(DemTechs_RSD!K14:K19) -> 3790.5268 | G9: COM_FR | H9: =DemTechs_RSD!$O$5 -> DRSH | I9: SD | J9: 0
B10: Demand | C10: =DemTechs_RSD!$O$6 -> DRAP | D10: PJ | E10: =SUM(DemTechs_RSD!K20) -> 1305.2067 | G10: COM_FR | H10: =DemTechs_RSD!$O$5 -> DRSH | I10: SN | J10: 0
B11: Demand | C11: =DemTechs_RSD!$O$7 -> DROT | D11: PJ | E11: =SUM(DemTechs_RSD!K21:K25) -> 1115.4325 | G11: COM_FR | H11: =DemTechs_RSD!$O$5 -> DRSH | I11: WD | J11: =1-J9-J10-J12 -> 0.6
B12: Demand | C12: =DemTechs_COM!$O$5 -> DCSH | D12: PJ | E12: =SUM(DemTechs_COM!K14:K19) -> 1376.06 | G12: COM_FR | H12: =DemTechs_RSD!$O$5 -> DRSH | I12: WN | J12: 0.4
B13: Demand | C13: =DemTechs_COM!$O$6 -> DCAP | D13: PJ | E13: =SUM(DemTechs_COM!K20) -> 1148.6992 | G13: COM_FR | H13: =DemTechs_RSD!$O$6 -> DRAP | I13: SD | J13: 0.3
B14: Demand | C14: =DemTechs_COM!$O$7 -> DCOT | D14: PJ | E14: =SUM(DemTechs_COM!K21:K25) -> 285.62865 | G14: COM_FR | H14: =DemTechs_RSD!$O$6 -> DRAP | I14: SN | J14: 0.25
B15: Demand | C15: =DemTechs_AGR!N5 -> DAOT | D15: PJ | E15: =SUM('EB2'!D8:E8,'EB2'!G8:J8,'EB2'!L8:M8,'EB2'!O8,'EB2'!U8) -> 560.3091 | G15: COM_FR | H15: =DemTechs_RSD!$O$6 -> DRAP | I15: WD | J15: 0.2
G16: COM_FR | H16: =DemTechs_RSD!$O$6 -> DRAP | I16: WN | J16: 0.2
G17: COM_FR | H17: =DemTechs_RSD!$O$7 -> DROT | I17: SD | J17: 0.25
G18: COM_FR | H18: =DemTechs_RSD!$O$7 -> DROT | I18: SN | J18: 0.25
G19: COM_FR | H19: =DemTechs_RSD!$O$7 -> DROT | I19: WD | J19: 0.25
G20: COM_FR | H20: =DemTechs_RSD!$O$7 -> DROT | I20: WN | J20: 0.25
G21: COM_FR | H21: =DemTechs_COM!$O$5 -> DCSH | I21: SD | J21: 0.1
G22: COM_FR | H22: =DemTechs_COM!$O$5 -> DCSH | I22: SN | J22: 0.1
G23: COM_FR | H23: =DemTechs_COM!$O$5 -> DCSH | I23: WD | J23: =1-J21-J22-J24 -> 0.4
G24: COM_FR | H24: =DemTechs_COM!$O$5 -> DCSH | I24: WN | J24: 0.4
G25: COM_FR | H25: =DemTechs_COM!$O$6 -> DCAP | I25: SD | J25: 0.25
G26: COM_FR | H26: =DemTechs_COM!$O$6 -> DCAP | I26: SN | J26: 0.25
G27: COM_FR | H27: =DemTechs_COM!$O$6 -> DCAP | I27: WD | J27: 0.25
G28: COM_FR | H28: =DemTechs_COM!$O$6 -> DCAP | I28: WN | J28: 0.25
G29: COM_FR | H29: =DemTechs_COM!$O$7 -> DCOT | I29: SD | J29: 0.25
C30: User inputs | G30: COM_FR | H30: =DemTechs_COM!$O$7 -> DCOT | I30: SN | J30: 0.25
C31: Linked to the Energy Balance | G31: COM_FR | H31: =DemTechs_COM!$O$7 -> DCOT | I31: WD | J31: 0.25
G32: COM_FR | H32: =DemTechs_COM!$O$7 -> DCOT | I32: WN | J32: 0.25

Sheet Emi
B3: Dynamic coefficients for combustion emissions in agriculture, residential and comemrcial
B5: ~COMEMI | G5: ~COMEMI | L5: ~COMEMI
B6: CommName | C6: =Sector_Fuels_AGR!$L$5 -> AGRCOA | D6: =Sector_Fuels_AGR!$L$6 -> AGRGAS | E6: =Sector_Fuels_AGR!$L$7 -> AGROIL | G6: CommName | H6: =Sector_Fuels_COM!$L$5 -> COMCOA | I6: =Sector_Fuels_COM!$L$6 -> COMGAS | J6: =Sector_Fuels_COM!$L$7 -> COMOIL | L6: CommName | M6: =Sector_Fuels_RSD!$L$5 -> RSDCOA | N6: =Sector_Fuels_RSD!$L$6 -> RSDGAS | O6: =Sector_Fuels_RSD!$L$7 -> RSDOIL
B7: *Units | C7: kt/PJ | D7: kt/PJ | E7: kt/PJ | G7: *Units | H7: kt/PJ | I7: kt/PJ | J7: kt/PJ | L7: *Units | M7: kt/PJ | N7: kt/PJ | O7: kt/PJ
B8: =DemTechs_AGR!$N$6 -> AGRCO2 | C8: 95 | D8: 56.1 | E8: 76.4 | G8: =DemTechs_COM!$O$8 -> COMCO2 | H8: 95 | I8: 56.1 | J8: 76.4 | L8: =DemTechs_RSD!$O$8 -> RSDCO2 | M8: 95 | N8: 56.1 | O8: 76.4
C23: User inputs
C24: Linked to the Energy Balance
